NSII0000011849;TRW;JBU798;Сайлентблок рычага подвески;0;875,6;893,47;1;5;JBU798;;BMW 5(E60) 07/05-03/10, 6(E63) 09/04>
NSII0000011879;TRW;JBJ829;Опора шаровая;0;595,39;607,54;2;5;JBJ829;;LANDROVER Range Rover 02/05>, Discovery 09/09>
NSII0000021115;Gates;6PK873SF;Ремень поликлиновый;0;343;343;1;1;6PK873SF;;CITROEN Jumper 04/06>, FIAT Ducato 07/06>, FORD Transit 04/06>
NSII0000021115;Gates;6PK873SF;Ремень поликлиновый;0;343;343;1;5;6PK873SF;;CITROEN Jumper 04/06>, FIAT Ducato 07/06>, FORD Transit 04/06>
NSII0000021214;Gates;K017PK1933;Комплект поликлинового ременного привода;0;3979,6;3979,6;2;5;K017PK1933;;TOYOTA Avensis 04/03-11/08, Camry 11/01-11/06, RAV-4 06/00>
NSII0000021336;Gates;T36413;Ролик промежуточный поликлинового ремня;0;415,6;415,6;3;5;T36413;;RENAULT Sandero/Stepway 12/07>, DACIA Logan 06/10>
NSII0000021479;Gates;T39163;Ролик натяжной;0;996,4;996,4;10-100;5;T39163;;RENAULT Sandero/Stepway 02/09>, Symbol 09/08>
NSII0000022395;Gates;7DPK2074;Ремень поликлиновый;0;1978;1978;1;5;7DPK2074;;AUDIQ73,608-06-05/10,PORSCHECayenne10/03>,VWPhaeton3,6V611/08>,Touareg10/02>
NSII0000023029;Gates;4PK1389ES;Ремень поликлиновый;0;599,7;599,7;2;5;4PK1389ES;;MANTGL04/05
NSII0000047142;Knecht;LAK173S;Фильтр салона;0;1776,3;1776,3;6;5;LAK 173/S;;
NSII0000047550;Knecht;LAK630S;Фильтр салона;0;1074,8;1074,8;6;5;LA K630/S;;
NSII0000047553;Knecht;LAK87;Фильтр салона;0;537,4;537,4;6;5;LAK 87;;Dacia, Nissan, Renault
NSII0000047570;Knecht;KL763D;Фильтр топливный;0;1060,9;1060,9;10-100;5;KL 763D;;BMW
NSII0000047600;Knecht;LX1275;Фильтр воздушный;0;817,3;817,3;6;5;LX 1275;;Audi
NSII0000047705;Knecht;LX26072;Фильтр воздушный;0;526,2;526,2;6;5;LX 2607/2;;
NSII0000047757;Knecht;LX2844;Фильтр воздушный;0;358,7;358,7;10-100;5;LX 2844;;Dacia, Renault
NSII0000047782;Knecht;LX3271;Фильтр воздушный;0;391,3;391,3;6;5;LX 3271;;KIA
NSII0000051862;KYB;RH2074;Пружина ходовой части;0;1497,3;1610;6;5;RH2074;;Ford Mondeo 2.3/2.0TDCi 07>
NSII0000051982;KYB;RH2113;Пружина ходовой части;0;1780,86;1914,9;2;5;RH2113;;
NSII0000051983;KYB;RH2114;Пружина ходовой части;0;1812,85;1949,3;2;5;RH2114;;
NSII0000051989;KYB;RH2542;Пружина ходовой части;0;935,49;1005,9;6;5;RH2542;;Ford Mondeo 2.3/2.0TDCi 07>
NSII0000052243;KYB;RH2825;Пружина ходовой части;0;612,68;658,8;2;5;RH2825;;Ford Fiesta 1.25 08>